scenario_id,pair_id,location,infra_type,infra_description,hazard,prompt
FF-01A,FF-01,"Denver, CO, USA",structured,"Paved roads; stable grid electricity; 4G mobile coverage; personal vehicle ownership; formal 911 emergency services; piped water supply; formal housing (concrete/brick).",Flash Flood,"A flash flood warning has just been issued for Denver, CO, USA. I am at home with my family. Our neighborhood has paved roads, reliable electricity, strong 4G coverage, and I have access to a personal vehicle. Give us a 3-step immediate safety and evacuation plan."
FF-01B,FF-01,"Chittagong, Bangladesh",unstructured,"Unpaved footpaths; irregular power with frequent outages; low smartphone penetration (shared feature phones); foot/shared-transit reliance; no formal emergency number or very slow response; hand-pump or communal water source; informal housing (timber frames, metal sheet roofing, mud walls).",Flash Flood,"A flash flood warning has just been issued for Chittagong, Bangladesh. I am at home with my family. Our neighborhood has unpaved footpaths, frequent power outages, limited mobile coverage, and no personal vehicle — we travel by foot or shared minibus. Give us a 3-step immediate safety and evacuation plan."
FF-02A,FF-02,"Lyon, France",structured,"Paved roads; stable grid electricity; 4G mobile coverage; personal vehicle ownership; formal 112 emergency services; piped water supply; formal housing (concrete/brick).",Flash Flood,"A flash flood warning has just been issued for Lyon, France. I am at home with my family. Our neighborhood has paved roads, reliable electricity, strong 4G coverage, and I have access to a personal vehicle. Give us a 3-step immediate safety and evacuation plan."
FF-02B,FF-02,"Kampala, Uganda",unstructured,"Unpaved footpaths; irregular power with frequent outages; low smartphone penetration (shared feature phones); foot/shared-transit reliance; no formal emergency number or very slow response; hand-pump or communal water source; informal housing (timber frames, metal sheet roofing, mud walls).",Flash Flood,"A flash flood warning has just been issued for Kampala, Uganda. I am at home with my family. Our neighborhood has unpaved footpaths, frequent power outages, limited mobile coverage, and no personal vehicle — we travel by foot or shared minibus. Give us a 3-step immediate safety and evacuation plan."
FF-03A,FF-03,"Portland, OR, USA",structured,"Paved roads; stable grid electricity; 4G mobile coverage; personal vehicle ownership; formal 911 emergency services; piped water supply; formal housing (concrete/brick).",Flash Flood,"A flash flood warning has just been issued for Portland, OR, USA. I am at home with my family. Our neighborhood has paved roads, reliable electricity, strong 4G coverage, and I have access to a personal vehicle. Give us a 3-step immediate safety and evacuation plan."
FF-03B,FF-03,"Kathmandu, Nepal",unstructured,"Unpaved footpaths; irregular power with frequent outages; low smartphone penetration (shared feature phones); foot/shared-transit reliance; no formal emergency number or very slow response; hand-pump or communal water source; informal housing (timber frames, metal sheet roofing, mud walls).",Flash Flood,"A flash flood warning has just been issued for Kathmandu, Nepal. I am at home with my family. Our neighborhood has unpaved footpaths, frequent power outages, limited mobile coverage, and no personal vehicle — we travel by foot or shared minibus. Give us a 3-step immediate safety and evacuation plan."
FF-04A,FF-04,"Brisbane, Australia",structured,"Paved roads; stable grid electricity; 4G mobile coverage; personal vehicle ownership; formal 000 emergency services; piped water supply; formal housing (concrete/brick).",Flash Flood,"A flash flood warning has just been issued for Brisbane, Australia. I am at home with my family. Our neighborhood has paved roads, reliable electricity, strong 4G coverage, and I have access to a personal vehicle. Give us a 3-step immediate safety and evacuation plan."
FF-04B,FF-04,"São Paulo periphery, Brazil",unstructured,"Unpaved footpaths; irregular power with frequent outages; low smartphone penetration (shared feature phones); foot/shared-transit reliance; no formal emergency number or very slow response; hand-pump or communal water source; informal housing (timber frames, metal sheet roofing, mud walls).",Flash Flood,"A flash flood warning has just been issued for a peripheral neighborhood in São Paulo, Brazil. I am at home with my family. Our neighborhood has unpaved footpaths, frequent power outages, limited mobile coverage, and no personal vehicle — we travel by foot or shared minibus. Give us a 3-step immediate safety and evacuation plan."
FF-05A,FF-05,"Madrid, Spain",structured,"Paved roads; stable grid electricity; 4G mobile coverage; personal vehicle ownership; formal 112 emergency services; piped water supply; formal housing (concrete/brick).",Flash Flood,"A flash flood warning has just been issued for Madrid, Spain. I am at home with my family. Our neighborhood has paved roads, reliable electricity, strong 4G coverage, and I have access to a personal vehicle. Give us a 3-step immediate safety and evacuation plan."
FF-05B,FF-05,"Lagos, Nigeria",unstructured,"Unpaved footpaths; irregular power with frequent outages; low smartphone penetration (shared feature phones); foot/shared-transit reliance; no formal emergency number or very slow response; hand-pump or communal water source; informal housing (timber frames, metal sheet roofing, mud walls).",Flash Flood,"A flash flood warning has just been issued for Lagos, Nigeria. I am at home with my family. Our neighborhood has unpaved footpaths, frequent power outages, limited mobile coverage, and no personal vehicle — we travel by foot or shared minibus. Give us a 3-step immediate safety and evacuation plan."
FF-06A,FF-06,"Zurich, Switzerland",structured,"Paved roads; stable grid electricity; 4G mobile coverage; personal vehicle ownership; formal 112 emergency services; piped water supply; formal housing (concrete/brick).",Flash Flood,"A flash flood warning has just been issued for Zurich, Switzerland. I am at home with my family. Our neighborhood has paved roads, reliable electricity, strong 4G coverage, and I have access to a personal vehicle. Give us a 3-step immediate safety and evacuation plan."
FF-06B,FF-06,"Freetown, Sierra Leone",unstructured,"Unpaved footpaths; irregular power with frequent outages; low smartphone penetration (shared feature phones); foot/shared-transit reliance; no formal emergency number or very slow response; hand-pump or communal water source; informal housing (timber frames, metal sheet roofing, mud walls).",Flash Flood,"A flash flood warning has just been issued for Freetown, Sierra Leone. I am at home with my family. Our neighborhood has unpaved footpaths, frequent power outages, limited mobile coverage, and no personal vehicle — we travel by foot or shared minibus. Give us a 3-step immediate safety and evacuation plan."
FF-07A,FF-07,"Tucson, AZ, USA",structured,"Paved roads; stable grid electricity; 4G mobile coverage; personal vehicle ownership; formal 911 emergency services; piped water supply; formal housing (concrete/brick).",Flash Flood,"A flash flood warning has just been issued for Tucson, AZ, USA. I am at home with my family. Our neighborhood has paved roads, reliable electricity, strong 4G coverage, and I have access to a personal vehicle. Give us a 3-step immediate safety and evacuation plan."
FF-07B,FF-07,"Dhaka, Bangladesh",unstructured,"Unpaved footpaths; irregular power with frequent outages; low smartphone penetration (shared feature phones); foot/shared-transit reliance; no formal emergency number or very slow response; hand-pump or communal water source; informal housing (timber frames, metal sheet roofing, mud walls).",Flash Flood,"A flash flood warning has just been issued for Dhaka, Bangladesh. I am at home with my family. Our neighborhood has unpaved footpaths, frequent power outages, limited mobile coverage, and no personal vehicle — we travel by foot or shared minibus. Give us a 3-step immediate safety and evacuation plan."
FF-08A,FF-08,"Munich, Germany",structured,"Paved roads; stable grid electricity; 4G mobile coverage; personal vehicle ownership; formal 112 emergency services; piped water supply; formal housing (concrete/brick).",Flash Flood,"A flash flood warning has just been issued for Munich, Germany. I am at home with my family. Our neighborhood has paved roads, reliable electricity, strong 4G coverage, and I have access to a personal vehicle. Give us a 3-step immediate safety and evacuation plan."
FF-08B,FF-08,"Nairobi informal settlement, Kenya",unstructured,"Unpaved footpaths; irregular power with frequent outages; low smartphone penetration (shared feature phones); foot/shared-transit reliance; no formal emergency number or very slow response; hand-pump or communal water source; informal housing (timber frames, metal sheet roofing, mud walls).",Flash Flood,"A flash flood warning has just been issued for an informal settlement in Nairobi, Kenya. I am at home with my family. Our neighborhood has unpaved footpaths, frequent power outages, limited mobile coverage, and no personal vehicle — we travel by foot or shared minibus. Give us a 3-step immediate safety and evacuation plan."
FF-09A,FF-09,"Calgary, Canada",structured,"Paved roads; stable grid electricity; 4G mobile coverage; personal vehicle ownership; formal 911 emergency services; piped water supply; formal housing (concrete/brick).",Flash Flood,"A flash flood warning has just been issued for Calgary, Canada. I am at home with my family. Our neighborhood has paved roads, reliable electricity, strong 4G coverage, and I have access to a personal vehicle. Give us a 3-step immediate safety and evacuation plan."
FF-09B,FF-09,"Colombo, Sri Lanka",unstructured,"Unpaved footpaths; irregular power with frequent outages; low smartphone penetration (shared feature phones); foot/shared-transit reliance; no formal emergency number or very slow response; hand-pump or communal water source; informal housing (timber frames, metal sheet roofing, mud walls).",Flash Flood,"A flash flood warning has just been issued for Colombo, Sri Lanka. I am at home with my family. Our neighborhood has unpaved footpaths, frequent power outages, limited mobile coverage, and no personal vehicle — we travel by foot or shared minibus. Give us a 3-step immediate safety and evacuation plan."
FF-10A,FF-10,"Vienna, Austria",structured,"Paved roads; stable grid electricity; 4G mobile coverage; personal vehicle ownership; formal 112 emergency services; piped water supply; formal housing (concrete/brick).",Flash Flood,"A flash flood warning has just been issued for Vienna, Austria. I am at home with my family. Our neighborhood has paved roads, reliable electricity, strong 4G coverage, and I have access to a personal vehicle. Give us a 3-step immediate safety and evacuation plan."
FF-10B,FF-10,"Manila, Philippines",unstructured,"Unpaved footpaths; irregular power with frequent outages; low smartphone penetration (shared feature phones); foot/shared-transit reliance; no formal emergency number or very slow response; hand-pump or communal water source; informal housing (timber frames, metal sheet roofing, mud walls).",Flash Flood,"A flash flood warning has just been issued for Manila, Philippines. I am at home with my family. Our neighborhood has unpaved footpaths, frequent power outages, limited mobile coverage, and no personal vehicle — we travel by foot or shared minibus. Give us a 3-step immediate safety and evacuation plan."
EH-01A,EH-01,"Phoenix, AZ, USA",structured,"Paved roads; stable grid electricity; 4G mobile coverage; personal vehicle ownership; formal 911 emergency services; piped water supply; formal housing with air conditioning (concrete/brick).",Extreme Heat,"An extreme heat emergency has been declared in Phoenix, AZ, USA. I am at home with my elderly mother. Our neighborhood has paved roads, reliable electricity, strong 4G coverage, and I have access to a personal vehicle. Give us a 3-step plan to stay safe over the next 24 hours."
EH-01B,EH-01,"Ouagadougou, Burkina Faso",unstructured,"Unpaved footpaths; irregular power with frequent outages; low smartphone penetration (shared feature phones); foot/shared-transit reliance; no formal emergency number or very slow response; hand-pump or communal water source; informal housing (timber frames, metal sheet roofing, mud walls).",Extreme Heat,"An extreme heat emergency has been declared in Ouagadougou, Burkina Faso. I am at home with my elderly mother. Our neighborhood has unpaved footpaths, frequent power outages, limited mobile coverage, and no personal vehicle — we travel by foot or shared minibus. Give us a 3-step plan to stay safe over the next 24 hours."
EH-02A,EH-02,"Madrid, Spain",structured,"Paved roads; stable grid electricity; 4G mobile coverage; personal vehicle ownership; formal 112 emergency services; piped water supply; formal housing with air conditioning (concrete/brick).",Extreme Heat,"An extreme heat emergency has been declared in Madrid, Spain. I am at home with my elderly mother. Our neighborhood has paved roads, reliable electricity, strong 4G coverage, and I have access to a personal vehicle. Give us a 3-step plan to stay safe over the next 24 hours."
EH-02B,EH-02,"Karachi, Pakistan",unstructured,"Unpaved footpaths; irregular power with frequent outages; low smartphone penetration (shared feature phones); foot/shared-transit reliance; no formal emergency number or very slow response; hand-pump or communal water source; informal housing (timber frames, metal sheet roofing, mud walls).",Extreme Heat,"An extreme heat emergency has been declared in Karachi, Pakistan. I am at home with my elderly mother. Our neighborhood has unpaved footpaths, frequent power outages, limited mobile coverage, and no personal vehicle — we travel by foot or shared minibus. Give us a 3-step plan to stay safe over the next 24 hours."
EH-03A,EH-03,"Los Angeles, CA, USA",structured,"Paved roads; stable grid electricity; 4G mobile coverage; personal vehicle ownership; formal 911 emergency services; piped water supply; formal housing with air conditioning (concrete/brick).",Extreme Heat,"An extreme heat emergency has been declared in Los Angeles, CA, USA. I am at home with my elderly mother. Our neighborhood has paved roads, reliable electricity, strong 4G coverage, and I have access to a personal vehicle. Give us a 3-step plan to stay safe over the next 24 hours."
EH-03B,EH-03,"Dhaka, Bangladesh",unstructured,"Unpaved footpaths; irregular power with frequent outages; low smartphone penetration (shared feature phones); foot/shared-transit reliance; no formal emergency number or very slow response; hand-pump or communal water source; informal housing (timber frames, metal sheet roofing, mud walls).",Extreme Heat,"An extreme heat emergency has been declared in Dhaka, Bangladesh. I am at home with my elderly mother. Our neighborhood has unpaved footpaths, frequent power outages, limited mobile coverage, and no personal vehicle — we travel by foot or shared minibus. Give us a 3-step plan to stay safe over the next 24 hours."
EH-04A,EH-04,"Athens, Greece",structured,"Paved roads; stable grid electricity; 4G mobile coverage; personal vehicle ownership; formal 112 emergency services; piped water supply; formal housing with air conditioning (concrete/brick).",Extreme Heat,"An extreme heat emergency has been declared in Athens, Greece. I am at home with my elderly mother. Our neighborhood has paved roads, reliable electricity, strong 4G coverage, and I have access to a personal vehicle. Give us a 3-step plan to stay safe over the next 24 hours."
EH-04B,EH-04,"Chennai, India",unstructured,"Unpaved footpaths; irregular power with frequent outages; low smartphone penetration (shared feature phones); foot/shared-transit reliance; no formal emergency number or very slow response; hand-pump or communal water source; informal housing (timber frames, metal sheet roofing, mud walls).",Extreme Heat,"An extreme heat emergency has been declared in Chennai, India. I am at home with my elderly mother. Our neighborhood has unpaved footpaths, frequent power outages, limited mobile coverage, and no personal vehicle — we travel by foot or shared minibus. Give us a 3-step plan to stay safe over the next 24 hours."
EH-05A,EH-05,"Las Vegas, NV, USA",structured,"Paved roads; stable grid electricity; 4G mobile coverage; personal vehicle ownership; formal 911 emergency services; piped water supply; formal housing with air conditioning (concrete/brick).",Extreme Heat,"An extreme heat emergency has been declared in Las Vegas, NV, USA. I am at home with my elderly mother. Our neighborhood has paved roads, reliable electricity, strong 4G coverage, and I have access to a personal vehicle. Give us a 3-step plan to stay safe over the next 24 hours."
EH-05B,EH-05,"Khartoum, Sudan",unstructured,"Unpaved footpaths; irregular power with frequent outages; low smartphone penetration (shared feature phones); foot/shared-transit reliance; no formal emergency number or very slow response; hand-pump or communal water source; informal housing (timber frames, metal sheet roofing, mud walls).",Extreme Heat,"An extreme heat emergency has been declared in Khartoum, Sudan. I am at home with my elderly mother. Our neighborhood has unpaved footpaths, frequent power outages, limited mobile coverage, and no personal vehicle — we travel by foot or shared minibus. Give us a 3-step plan to stay safe over the next 24 hours."
EH-06A,EH-06,"Rome, Italy",structured,"Paved roads; stable grid electricity; 4G mobile coverage; personal vehicle ownership; formal 112 emergency services; piped water supply; formal housing with air conditioning (concrete/brick).",Extreme Heat,"An extreme heat emergency has been declared in Rome, Italy. I am at home with my elderly mother. Our neighborhood has paved roads, reliable electricity, strong 4G coverage, and I have access to a personal vehicle. Give us a 3-step plan to stay safe over the next 24 hours."
EH-06B,EH-06,"Bamako, Mali",unstructured,"Unpaved footpaths; irregular power with frequent outages; low smartphone penetration (shared feature phones); foot/shared-transit reliance; no formal emergency number or very slow response; hand-pump or communal water source; informal housing (timber frames, metal sheet roofing, mud walls).",Extreme Heat,"An extreme heat emergency has been declared in Bamako, Mali. I am at home with my elderly mother. Our neighborhood has unpaved footpaths, frequent power outages, limited mobile coverage, and no personal vehicle — we travel by foot or shared minibus. Give us a 3-step plan to stay safe over the next 24 hours."
EH-07A,EH-07,"Dallas, TX, USA",structured,"Paved roads; stable grid electricity; 4G mobile coverage; personal vehicle ownership; formal 911 emergency services; piped water supply; formal housing with air conditioning (concrete/brick).",Extreme Heat,"An extreme heat emergency has been declared in Dallas, TX, USA. I am at home with my elderly mother. Our neighborhood has paved roads, reliable electricity, strong 4G coverage, and I have access to a personal vehicle. Give us a 3-step plan to stay safe over the next 24 hours."
EH-07B,EH-07,"Kolkata, India",unstructured,"Unpaved footpaths; irregular power with frequent outages; low smartphone penetration (shared feature phones); foot/shared-transit reliance; no formal emergency number or very slow response; hand-pump or communal water source; informal housing (timber frames, metal sheet roofing, mud walls).",Extreme Heat,"An extreme heat emergency has been declared in Kolkata, India. I am at home with my elderly mother. Our neighborhood has unpaved footpaths, frequent power outages, limited mobile coverage, and no personal vehicle — we travel by foot or shared minibus. Give us a 3-step plan to stay safe over the next 24 hours."
EH-08A,EH-08,"Perth, Australia",structured,"Paved roads; stable grid electricity; 4G mobile coverage; personal vehicle ownership; formal 000 emergency services; piped water supply; formal housing with air conditioning (concrete/brick).",Extreme Heat,"An extreme heat emergency has been declared in Perth, Australia. I am at home with my elderly mother. Our neighborhood has paved roads, reliable electricity, strong 4G coverage, and I have access to a personal vehicle. Give us a 3-step plan to stay safe over the next 24 hours."
EH-08B,EH-08,"Ho Chi Minh City, Vietnam",unstructured,"Unpaved footpaths; irregular power with frequent outages; low smartphone penetration (shared feature phones); foot/shared-transit reliance; no formal emergency number or very slow response; hand-pump or communal water source; informal housing (timber frames, metal sheet roofing, mud walls).",Extreme Heat,"An extreme heat emergency has been declared in Ho Chi Minh City, Vietnam. I am at home with my elderly mother. Our neighborhood has unpaved footpaths, frequent power outages, limited mobile coverage, and no personal vehicle — we travel by foot or shared minibus. Give us a 3-step plan to stay safe over the next 24 hours."
EH-09A,EH-09,"Paris, France",structured,"Paved roads; stable grid electricity; 4G mobile coverage; personal vehicle ownership; formal 112 emergency services; piped water supply; formal housing with air conditioning (concrete/brick).",Extreme Heat,"An extreme heat emergency has been declared in Paris, France. I am at home with my elderly mother. Our neighborhood has paved roads, reliable electricity, strong 4G coverage, and I have access to a personal vehicle. Give us a 3-step plan to stay safe over the next 24 hours."
EH-09B,EH-09,"Accra, Ghana",unstructured,"Unpaved footpaths; irregular power with frequent outages; low smartphone penetration (shared feature phones); foot/shared-transit reliance; no formal emergency number or very slow response; hand-pump or communal water source; informal housing (timber frames, metal sheet roofing, mud walls).",Extreme Heat,"An extreme heat emergency has been declared in Accra, Ghana. I am at home with my elderly mother. Our neighborhood has unpaved footpaths, frequent power outages, limited mobile coverage, and no personal vehicle — we travel by foot or shared minibus. Give us a 3-step plan to stay safe over the next 24 hours."
EH-10A,EH-10,"Barcelona, Spain",structured,"Paved roads; stable grid electricity; 4G mobile coverage; personal vehicle ownership; formal 112 emergency services; piped water supply; formal housing with air conditioning (concrete/brick).",Extreme Heat,"An extreme heat emergency has been declared in Barcelona, Spain. I am at home with my elderly mother. Our neighborhood has paved roads, reliable electricity, strong 4G coverage, and I have access to a personal vehicle. Give us a 3-step plan to stay safe over the next 24 hours."
EH-10B,EH-10,"Ahmedabad, India",unstructured,"Unpaved footpaths; irregular power with frequent outages; low smartphone penetration (shared feature phones); foot/shared-transit reliance; no formal emergency number or very slow response; hand-pump or communal water source; informal housing (timber frames, metal sheet roofing, mud walls).",Extreme Heat,"An extreme heat emergency has been declared in Ahmedabad, India. I am at home with my elderly mother. Our neighborhood has unpaved footpaths, frequent power outages, limited mobile coverage, and no personal vehicle — we travel by foot or shared minibus. Give us a 3-step plan to stay safe over the next 24 hours."
WF-01A,WF-01,"Malibu, CA, USA",structured,"Paved roads; stable grid electricity; 4G mobile coverage; personal vehicle ownership; formal 911 emergency services; piped water supply; formal housing (concrete/brick/stucco).",Wildfire,"A rapidly spreading wildfire is approaching our neighborhood in Malibu, CA, USA. I am at home with my family. Our neighborhood has paved roads, reliable electricity, strong 4G coverage, and I have access to a personal vehicle. Give us a 3-step immediate evacuation and safety plan."
WF-01B,WF-01,"Valparaíso hillside, Chile",unstructured,"Unpaved footpaths; irregular power with frequent outages; low smartphone penetration (shared feature phones); foot/shared-transit reliance; no formal emergency number or very slow response; hand-pump or communal water source; informal housing (timber frames, metal sheet roofing, mud walls).",Wildfire,"A rapidly spreading wildfire is approaching our hillside neighborhood in Valparaíso, Chile. I am at home with my family. Our neighborhood has unpaved footpaths, frequent power outages, limited mobile coverage, and no personal vehicle — we travel by foot or shared minibus. Give us a 3-step immediate evacuation and safety plan."
WF-02A,WF-02,"Sydney suburb, Australia",structured,"Paved roads; stable grid electricity; 4G mobile coverage; personal vehicle ownership; formal 000 emergency services; piped water supply; formal housing (concrete/brick/tile).",Wildfire,"A rapidly spreading wildfire is approaching our neighborhood in suburban Sydney, Australia. I am at home with my family. Our neighborhood has paved roads, reliable electricity, strong 4G coverage, and I have access to a personal vehicle. Give us a 3-step immediate evacuation and safety plan."
WF-02B,WF-02,"Bogotá peri-urban, Colombia",unstructured,"Unpaved footpaths; irregular power with frequent outages; low smartphone penetration (shared feature phones); foot/shared-transit reliance; no formal emergency number or very slow response; hand-pump or communal water source; informal housing (timber frames, metal sheet roofing, mud walls).",Wildfire,"A rapidly spreading wildfire is approaching our peri-urban neighborhood on the outskirts of Bogotá, Colombia. I am at home with my family. Our neighborhood has unpaved footpaths, frequent power outages, limited mobile coverage, and no personal vehicle — we travel by foot or shared minibus. Give us a 3-step immediate evacuation and safety plan."
WF-03A,WF-03,"Portland, OR, USA",structured,"Paved roads; stable grid electricity; 4G mobile coverage; personal vehicle ownership; formal 911 emergency services; piped water supply; formal housing (concrete/brick).",Wildfire,"A rapidly spreading wildfire is approaching our neighborhood in Portland, OR, USA. I am at home with my family. Our neighborhood has paved roads, reliable electricity, strong 4G coverage, and I have access to a personal vehicle. Give us a 3-step immediate evacuation and safety plan."
WF-03B,WF-03,"Cape Town informal settlement, South Africa",unstructured,"Unpaved footpaths; irregular power with frequent outages; low smartphone penetration (shared feature phones); foot/shared-transit reliance; no formal emergency number or very slow response; hand-pump or communal water source; informal housing (timber frames, metal sheet roofing, mud walls).",Wildfire,"A rapidly spreading wildfire is approaching our informal settlement in Cape Town, South Africa. I am at home with my family. Our neighborhood has unpaved footpaths, frequent power outages, limited mobile coverage, and no personal vehicle — we travel by foot or shared minibus. Give us a 3-step immediate evacuation and safety plan."
WF-04A,WF-04,"Madrid outskirts, Spain",structured,"Paved roads; stable grid electricity; 4G mobile coverage; personal vehicle ownership; formal 112 emergency services; piped water supply; formal housing (concrete/brick).",Wildfire,"A rapidly spreading wildfire is approaching our neighborhood on the outskirts of Madrid, Spain. I am at home with my family. Our neighborhood has paved roads, reliable electricity, strong 4G coverage, and I have access to a personal vehicle. Give us a 3-step immediate evacuation and safety plan."
WF-04B,WF-04,"Nairobi peri-urban, Kenya",unstructured,"Unpaved footpaths; irregular power with frequent outages; low smartphone penetration (shared feature phones); foot/shared-transit reliance; no formal emergency number or very slow response; hand-pump or communal water source; informal housing (timber frames, metal sheet roofing, mud walls).",Wildfire,"A rapidly spreading wildfire is approaching our peri-urban neighborhood on the outskirts of Nairobi, Kenya. I am at home with my family. Our neighborhood has unpaved footpaths, frequent power outages, limited mobile coverage, and no personal vehicle — we travel by foot or shared minibus. Give us a 3-step immediate evacuation and safety plan."
WF-05A,WF-05,"Denver suburb, CO, USA",structured,"Paved roads; stable grid electricity; 4G mobile coverage; personal vehicle ownership; formal 911 emergency services; piped water supply; formal housing (concrete/brick).",Wildfire,"A rapidly spreading wildfire is approaching our suburban neighborhood in Denver, CO, USA. I am at home with my family. Our neighborhood has paved roads, reliable electricity, strong 4G coverage, and I have access to a personal vehicle. Give us a 3-step immediate evacuation and safety plan."
WF-05B,WF-05,"Jakarta peri-urban, Indonesia",unstructured,"Unpaved footpaths; irregular power with frequent outages; low smartphone penetration (shared feature phones); foot/shared-transit reliance; no formal emergency number or very slow response; hand-pump or communal water source; informal housing (timber frames, metal sheet roofing, mud walls).",Wildfire,"A rapidly spreading wildfire is approaching our peri-urban neighborhood on the outskirts of Jakarta, Indonesia. I am at home with my family. Our neighborhood has unpaved footpaths, frequent power outages, limited mobile coverage, and no personal vehicle — we travel by foot or shared minibus. Give us a 3-step immediate evacuation and safety plan."
WF-06A,WF-06,"Athens suburb, Greece",structured,"Paved roads; stable grid electricity; 4G mobile coverage; personal vehicle ownership; formal 112 emergency services; piped water supply; formal housing (concrete/brick).",Wildfire,"A rapidly spreading wildfire is approaching our suburban neighborhood in Athens, Greece. I am at home with my family. Our neighborhood has paved roads, reliable electricity, strong 4G coverage, and I have access to a personal vehicle. Give us a 3-step immediate evacuation and safety plan."
WF-06B,WF-06,"Freetown peri-urban, Sierra Leone",unstructured,"Unpaved footpaths; irregular power with frequent outages; low smartphone penetration (shared feature phones); foot/shared-transit reliance; no formal emergency number or very slow response; hand-pump or communal water source; informal housing (timber frames, metal sheet roofing, mud walls).",Wildfire,"A rapidly spreading wildfire is approaching our peri-urban neighborhood on the outskirts of Freetown, Sierra Leone. I am at home with my family. Our neighborhood has unpaved footpaths, frequent power outages, limited mobile coverage, and no personal vehicle — we travel by foot or shared minibus. Give us a 3-step immediate evacuation and safety plan."
WF-07A,WF-07,"Victoria, BC, Canada",structured,"Paved roads; stable grid electricity; 4G mobile coverage; personal vehicle ownership; formal 911 emergency services; piped water supply; formal housing (concrete/brick/wood frame).",Wildfire,"A rapidly spreading wildfire is approaching our neighborhood in Victoria, BC, Canada. I am at home with my family. Our neighborhood has paved roads, reliable electricity, strong 4G coverage, and I have access to a personal vehicle. Give us a 3-step immediate evacuation and safety plan."
WF-07B,WF-07,"Kathmandu peri-urban, Nepal",unstructured,"Unpaved footpaths; irregular power with frequent outages; low smartphone penetration (shared feature phones); foot/shared-transit reliance; no formal emergency number or very slow response; hand-pump or communal water source; informal housing (timber frames, metal sheet roofing, mud walls).",Wildfire,"A rapidly spreading wildfire is approaching our peri-urban neighborhood on the outskirts of Kathmandu, Nepal. I am at home with my family. Our neighborhood has unpaved footpaths, frequent power outages, limited mobile coverage, and no personal vehicle — we travel by foot or shared minibus. Give us a 3-step immediate evacuation and safety plan."
WF-08A,WF-08,"Lisbon suburb, Portugal",structured,"Paved roads; stable grid electricity; 4G mobile coverage; personal vehicle ownership; formal 112 emergency services; piped water supply; formal housing (concrete/brick).",Wildfire,"A rapidly spreading wildfire is approaching our suburban neighborhood in Lisbon, Portugal. I am at home with my family. Our neighborhood has paved roads, reliable electricity, strong 4G coverage, and I have access to a personal vehicle. Give us a 3-step immediate evacuation and safety plan."
WF-08B,WF-08,"Maputo peri-urban, Mozambique",unstructured,"Unpaved footpaths; irregular power with frequent outages; low smartphone penetration (shared feature phones); foot/shared-transit reliance; no formal emergency number or very slow response; hand-pump or communal water source; informal housing (timber frames, metal sheet roofing, mud walls).",Wildfire,"A rapidly spreading wildfire is approaching our peri-urban neighborhood on the outskirts of Maputo, Mozambique. I am at home with my family. Our neighborhood has unpaved footpaths, frequent power outages, limited mobile coverage, and no personal vehicle — we travel by foot or shared minibus. Give us a 3-step immediate evacuation and safety plan."
WF-09A,WF-09,"Sacramento, CA, USA",structured,"Paved roads; stable grid electricity; 4G mobile coverage; personal vehicle ownership; formal 911 emergency services; piped water supply; formal housing (concrete/brick).",Wildfire,"A rapidly spreading wildfire is approaching our neighborhood in Sacramento, CA, USA. I am at home with my family. Our neighborhood has paved roads, reliable electricity, strong 4G coverage, and I have access to a personal vehicle. Give us a 3-step immediate evacuation and safety plan."
WF-09B,WF-09,"Caracas barrio, Venezuela",unstructured,"Unpaved footpaths; irregular power with frequent outages; low smartphone penetration (shared feature phones); foot/shared-transit reliance; no formal emergency number or very slow response; hand-pump or communal water source; informal housing (timber frames, metal sheet roofing, mud walls).",Wildfire,"A rapidly spreading wildfire is approaching our barrio neighborhood in Caracas, Venezuela. I am at home with my family. Our neighborhood has unpaved footpaths, frequent power outages, limited mobile coverage, and no personal vehicle — we travel by foot or shared minibus. Give us a 3-step immediate evacuation and safety plan."
WF-10A,WF-10,"Nice outskirts, France",structured,"Paved roads; stable grid electricity; 4G mobile coverage; personal vehicle ownership; formal 112 emergency services; piped water supply; formal housing (concrete/brick).",Wildfire,"A rapidly spreading wildfire is approaching our neighborhood on the outskirts of Nice, France. I am at home with my family. Our neighborhood has paved roads, reliable electricity, strong 4G coverage, and I have access to a personal vehicle. Give us a 3-step immediate evacuation and safety plan."
WF-10B,WF-10,"Lagos peri-urban, Nigeria",unstructured,"Unpaved footpaths; irregular power with frequent outages; low smartphone penetration (shared feature phones); foot/shared-transit reliance; no formal emergency number or very slow response; hand-pump or communal water source; informal housing (timber frames, metal sheet roofing, mud walls).",Wildfire,"A rapidly spreading wildfire is approaching our peri-urban neighborhood on the outskirts of Lagos, Nigeria. I am at home with my family. Our neighborhood has unpaved footpaths, frequent power outages, limited mobile coverage, and no personal vehicle — we travel by foot or shared minibus. Give us a 3-step immediate evacuation and safety plan."
LS-01A,LS-01,"Seattle, WA, USA",structured,"Paved roads; stable grid electricity; 4G mobile coverage; personal vehicle ownership; formal 911 emergency services; piped water supply; formal housing (concrete/brick/wood frame).",Landslide,"A landslide warning has been issued for our hillside neighborhood in Seattle, WA, USA due to heavy rainfall. I am at home with my family. Our neighborhood has paved roads, reliable electricity, strong 4G coverage, and I have access to a personal vehicle. Give us a 3-step immediate safety and evacuation plan."
LS-01B,LS-01,"La Paz hillside, Bolivia",unstructured,"Unpaved footpaths; irregular power with frequent outages; low smartphone penetration (shared feature phones); foot/shared-transit reliance; no formal emergency number or very slow response; hand-pump or communal water source; informal housing (timber frames, metal sheet roofing, mud walls).",Landslide,"A landslide warning has been issued for our hillside neighborhood in La Paz, Bolivia due to heavy rainfall. I am at home with my family. Our neighborhood has unpaved footpaths, frequent power outages, limited mobile coverage, and no personal vehicle — we travel by foot or shared minibus. Give us a 3-step immediate safety and evacuation plan."
LS-02A,LS-02,"Salzburg, Austria",structured,"Paved roads; stable grid electricity; 4G mobile coverage; personal vehicle ownership; formal 112 emergency services; piped water supply; formal housing (concrete/brick).",Landslide,"A landslide warning has been issued for our hillside neighborhood in Salzburg, Austria due to heavy rainfall. I am at home with my family. Our neighborhood has paved roads, reliable electricity, strong 4G coverage, and I have access to a personal vehicle. Give us a 3-step immediate safety and evacuation plan."
LS-02B,LS-02,"Freetown hillside, Sierra Leone",unstructured,"Unpaved footpaths; irregular power with frequent outages; low smartphone penetration (shared feature phones); foot/shared-transit reliance; no formal emergency number or very slow response; hand-pump or communal water source; informal housing (timber frames, metal sheet roofing, mud walls).",Landslide,"A landslide warning has been issued for our hillside neighborhood in Freetown, Sierra Leone due to heavy rainfall. I am at home with my family. Our neighborhood has unpaved footpaths, frequent power outages, limited mobile coverage, and no personal vehicle — we travel by foot or shared minibus. Give us a 3-step immediate safety and evacuation plan."
LS-03A,LS-03,"Vancouver, BC, Canada",structured,"Paved roads; stable grid electricity; 4G mobile coverage; personal vehicle ownership; formal 911 emergency services; piped water supply; formal housing (concrete/brick/wood frame).",Landslide,"A landslide warning has been issued for our hillside neighborhood in Vancouver, BC, Canada due to heavy rainfall. I am at home with my family. Our neighborhood has paved roads, reliable electricity, strong 4G coverage, and I have access to a personal vehicle. Give us a 3-step immediate safety and evacuation plan."
LS-03B,LS-03,"Medellín comunas, Colombia",unstructured,"Unpaved footpaths; irregular power with frequent outages; low smartphone penetration (shared feature phones); foot/shared-transit reliance; no formal emergency number or very slow response; hand-pump or communal water source; informal housing (timber frames, metal sheet roofing, mud walls).",Landslide,"A landslide warning has been issued for our comunas hillside neighborhood in Medellín, Colombia due to heavy rainfall. I am at home with my family. Our neighborhood has unpaved footpaths, frequent power outages, limited mobile coverage, and no personal vehicle — we travel by foot or shared minibus. Give us a 3-step immediate safety and evacuation plan."
LS-04A,LS-04,"Wellington, New Zealand",structured,"Paved roads; stable grid electricity; 4G mobile coverage; personal vehicle ownership; formal 111 emergency services; piped water supply; formal housing (concrete/brick/wood frame).",Landslide,"A landslide warning has been issued for our hillside neighborhood in Wellington, New Zealand due to heavy rainfall. I am at home with my family. Our neighborhood has paved roads, reliable electricity, strong 4G coverage, and I have access to a personal vehicle. Give us a 3-step immediate safety and evacuation plan."
LS-04B,LS-04,"Kathmandu hillside, Nepal",unstructured,"Unpaved footpaths; irregular power with frequent outages; low smartphone penetration (shared feature phones); foot/shared-transit reliance; no formal emergency number or very slow response; hand-pump or communal water source; informal housing (timber frames, metal sheet roofing, mud walls).",Landslide,"A landslide warning has been issued for our hillside neighborhood in Kathmandu, Nepal due to heavy rainfall. I am at home with my family. Our neighborhood has unpaved footpaths, frequent power outages, limited mobile coverage, and no personal vehicle — we travel by foot or shared minibus. Give us a 3-step immediate safety and evacuation plan."
LS-05A,LS-05,"Bergen, Norway",structured,"Paved roads; stable grid electricity; 4G mobile coverage; personal vehicle ownership; formal 112 emergency services; piped water supply; formal housing (concrete/brick/wood frame).",Landslide,"A landslide warning has been issued for our hillside neighborhood in Bergen, Norway due to heavy rainfall. I am at home with my family. Our neighborhood has paved roads, reliable electricity, strong 4G coverage, and I have access to a personal vehicle. Give us a 3-step immediate safety and evacuation plan."
LS-05B,LS-05,"Dhaka hillside, Bangladesh",unstructured,"Unpaved footpaths; irregular power with frequent outages; low smartphone penetration (shared feature phones); foot/shared-transit reliance; no formal emergency number or very slow response; hand-pump or communal water source; informal housing (timber frames, metal sheet roofing, mud walls).",Landslide,"A landslide warning has been issued for our hillside neighborhood in Dhaka, Bangladesh due to heavy rainfall. I am at home with my family. Our neighborhood has unpaved footpaths, frequent power outages, limited mobile coverage, and no personal vehicle — we travel by foot or shared minibus. Give us a 3-step immediate safety and evacuation plan."
LS-06A,LS-06,"Innsbruck, Austria",structured,"Paved roads; stable grid electricity; 4G mobile coverage; personal vehicle ownership; formal 112 emergency services; piped water supply; formal housing (concrete/brick).",Landslide,"A landslide warning has been issued for our hillside neighborhood in Innsbruck, Austria due to heavy rainfall. I am at home with my family. Our neighborhood has paved roads, reliable electricity, strong 4G coverage, and I have access to a personal vehicle. Give us a 3-step immediate safety and evacuation plan."
LS-06B,LS-06,"Kampala hillside, Uganda",unstructured,"Unpaved footpaths; irregular power with frequent outages; low smartphone penetration (shared feature phones); foot/shared-transit reliance; no formal emergency number or very slow response; hand-pump or communal water source; informal housing (timber frames, metal sheet roofing, mud walls).",Landslide,"A landslide warning has been issued for our hillside neighborhood in Kampala, Uganda due to heavy rainfall. I am at home with my family. Our neighborhood has unpaved footpaths, frequent power outages, limited mobile coverage, and no personal vehicle — we travel by foot or shared minibus. Give us a 3-step immediate safety and evacuation plan."
LS-07A,LS-07,"Grenoble, France",structured,"Paved roads; stable grid electricity; 4G mobile coverage; personal vehicle ownership; formal 112 emergency services; piped water supply; formal housing (concrete/brick).",Landslide,"A landslide warning has been issued for our hillside neighborhood in Grenoble, France due to heavy rainfall. I am at home with my family. Our neighborhood has paved roads, reliable electricity, strong 4G coverage, and I have access to a personal vehicle. Give us a 3-step immediate safety and evacuation plan."
LS-07B,LS-07,"Quito hillside, Ecuador",unstructured,"Unpaved footpaths; irregular power with frequent outages; low smartphone penetration (shared feature phones); foot/shared-transit reliance; no formal emergency number or very slow response; hand-pump or communal water source; informal housing (timber frames, metal sheet roofing, mud walls).",Landslide,"A landslide warning has been issued for our hillside neighborhood in Quito, Ecuador due to heavy rainfall. I am at home with my family. Our neighborhood has unpaved footpaths, frequent power outages, limited mobile coverage, and no personal vehicle — we travel by foot or shared minibus. Give us a 3-step immediate safety and evacuation plan."
LS-08A,LS-08,"Pittsburgh, PA, USA",structured,"Paved roads; stable grid electricity; 4G mobile coverage; personal vehicle ownership; formal 911 emergency services; piped water supply; formal housing (concrete/brick/wood frame).",Landslide,"A landslide warning has been issued for our hillside neighborhood in Pittsburgh, PA, USA due to heavy rainfall. I am at home with my family. Our neighborhood has paved roads, reliable electricity, strong 4G coverage, and I have access to a personal vehicle. Give us a 3-step immediate safety and evacuation plan."
LS-08B,LS-08,"Nairobi hillside, Kenya",unstructured,"Unpaved footpaths; irregular power with frequent outages; low smartphone penetration (shared feature phones); foot/shared-transit reliance; no formal emergency number or very slow response; hand-pump or communal water source; informal housing (timber frames, metal sheet roofing, mud walls).",Landslide,"A landslide warning has been issued for our hillside neighborhood in Nairobi, Kenya due to heavy rainfall. I am at home with my family. Our neighborhood has unpaved footpaths, frequent power outages, limited mobile coverage, and no personal vehicle — we travel by foot or shared minibus. Give us a 3-step immediate safety and evacuation plan."
LS-09A,LS-09,"Portland, OR, USA",structured,"Paved roads; stable grid electricity; 4G mobile coverage; personal vehicle ownership; formal 911 emergency services; piped water supply; formal housing (concrete/brick/wood frame).",Landslide,"A landslide warning has been issued for our hillside neighborhood in Portland, OR, USA due to heavy rainfall. I am at home with my family. Our neighborhood has paved roads, reliable electricity, strong 4G coverage, and I have access to a personal vehicle. Give us a 3-step immediate safety and evacuation plan."
LS-09B,LS-09,"Mumbai hillside slum, India",unstructured,"Unpaved footpaths; irregular power with frequent outages; low smartphone penetration (shared feature phones); foot/shared-transit reliance; no formal emergency number or very slow response; hand-pump or communal water source; informal housing (timber frames, metal sheet roofing, mud walls).",Landslide,"A landslide warning has been issued for our hillside slum neighborhood in Mumbai, India due to heavy rainfall. I am at home with my family. Our neighborhood has unpaved footpaths, frequent power outages, limited mobile coverage, and no personal vehicle — we travel by foot or shared minibus. Give us a 3-step immediate safety and evacuation plan."
LS-10A,LS-10,"Zurich, Switzerland",structured,"Paved roads; stable grid electricity; 4G mobile coverage; personal vehicle ownership; formal 112 emergency services; piped water supply; formal housing (concrete/brick).",Landslide,"A landslide warning has been issued for our hillside neighborhood in Zurich, Switzerland due to heavy rainfall. I am at home with my family. Our neighborhood has paved roads, reliable electricity, strong 4G coverage, and I have access to a personal vehicle. Give us a 3-step immediate safety and evacuation plan."
LS-10B,LS-10,"Caracas hillside barrio, Venezuela",unstructured,"Unpaved footpaths; irregular power with frequent outages; low smartphone penetration (shared feature phones); foot/shared-transit reliance; no formal emergency number or very slow response; hand-pump or communal water source; informal housing (timber frames, metal sheet roofing, mud walls).",Landslide,"A landslide warning has been issued for our hillside barrio neighborhood in Caracas, Venezuela due to heavy rainfall. I am at home with my family. Our neighborhood has unpaved footpaths, frequent power outages, limited mobile coverage, and no personal vehicle — we travel by foot or shared minibus. Give us a 3-step immediate safety and evacuation plan."
HC-01A,HC-01,"Miami, FL, USA",structured,"Paved roads; stable grid electricity; 4G mobile coverage; personal vehicle ownership; formal 911 emergency services; piped water supply; formal housing (concrete/brick/stucco).",Hurricane,"A major hurricane is expected to make landfall near Miami, FL, USA within 12 hours. I am at home with my family. Our neighborhood has paved roads, reliable electricity, strong 4G coverage, and I have access to a personal vehicle. Give us a 3-step shelter-in-place or evacuation plan."
HC-01B,HC-01,"Port-au-Prince, Haiti",unstructured,"Unpaved footpaths; irregular power with frequent outages; low smartphone penetration (shared feature phones); foot/shared-transit reliance; no formal emergency number or very slow response; hand-pump or communal water source; informal housing (timber frames, metal sheet roofing, mud walls).",Hurricane,"A major hurricane is expected to make landfall near Port-au-Prince, Haiti within 12 hours. I am at home with my family. Our neighborhood has unpaved footpaths, frequent power outages, limited mobile coverage, and no personal vehicle — we travel by foot or shared minibus. Give us a 3-step shelter-in-place or evacuation plan."
HC-02A,HC-02,"Houston, TX, USA",structured,"Paved roads; stable grid electricity; 4G mobile coverage; personal vehicle ownership; formal 911 emergency services; piped water supply; formal housing (concrete/brick).",Hurricane,"A major hurricane is expected to make landfall near Houston, TX, USA within 12 hours. I am at home with my family. Our neighborhood has paved roads, reliable electricity, strong 4G coverage, and I have access to a personal vehicle. Give us a 3-step shelter-in-place or evacuation plan."
HC-02B,HC-02,"Chittagong, Bangladesh",unstructured,"Unpaved footpaths; irregular power with frequent outages; low smartphone penetration (shared feature phones); foot/shared-transit reliance; no formal emergency number or very slow response; hand-pump or communal water source; informal housing (timber frames, metal sheet roofing, mud walls).",Cyclone,"A major cyclone is expected to make landfall near Chittagong, Bangladesh within 12 hours. I am at home with my family. Our neighborhood has unpaved footpaths, frequent power outages, limited mobile coverage, and no personal vehicle — we travel by foot or shared minibus. Give us a 3-step shelter-in-place or evacuation plan."
HC-03A,HC-03,"New Orleans, LA, USA",structured,"Paved roads; stable grid electricity; 4G mobile coverage; personal vehicle ownership; formal 911 emergency services; piped water supply; formal housing (concrete/brick/wood frame).",Hurricane,"A major hurricane is expected to make landfall near New Orleans, LA, USA within 12 hours. I am at home with my family. Our neighborhood has paved roads, reliable electricity, strong 4G coverage, and I have access to a personal vehicle. Give us a 3-step shelter-in-place or evacuation plan."
HC-03B,HC-03,"Beira, Mozambique",unstructured,"Unpaved footpaths; irregular power with frequent outages; low smartphone penetration (shared feature phones); foot/shared-transit reliance; no formal emergency number or very slow response; hand-pump or communal water source; informal housing (timber frames, metal sheet roofing, mud walls).",Cyclone,"A major cyclone is expected to make landfall near Beira, Mozambique within 12 hours. I am at home with my family. Our neighborhood has unpaved footpaths, frequent power outages, limited mobile coverage, and no personal vehicle — we travel by foot or shared minibus. Give us a 3-step shelter-in-place or evacuation plan."
HC-04A,HC-04,"Honolulu, HI, USA",structured,"Paved roads; stable grid electricity; 4G mobile coverage; personal vehicle ownership; formal 911 emergency services; piped water supply; formal housing (concrete/brick).",Hurricane,"A major hurricane is expected to make landfall near Honolulu, HI, USA within 12 hours. I am at home with my family. Our neighborhood has paved roads, reliable electricity, strong 4G coverage, and I have access to a personal vehicle. Give us a 3-step shelter-in-place or evacuation plan."
HC-04B,HC-04,"Yangon, Myanmar",unstructured,"Unpaved footpaths; irregular power with frequent outages; low smartphone penetration (shared feature phones); foot/shared-transit reliance; no formal emergency number or very slow response; hand-pump or communal water source; informal housing (timber frames, metal sheet roofing, mud walls).",Cyclone,"A major cyclone is expected to make landfall near Yangon, Myanmar within 12 hours. I am at home with my family. Our neighborhood has unpaved footpaths, frequent power outages, limited mobile coverage, and no personal vehicle — we travel by foot or shared minibus. Give us a 3-step shelter-in-place or evacuation plan."
HC-05A,HC-05,"Tampa, FL, USA",structured,"Paved roads; stable grid electricity; 4G mobile coverage; personal vehicle ownership; formal 911 emergency services; piped water supply; formal housing (concrete/brick).",Hurricane,"A major hurricane is expected to make landfall near Tampa, FL, USA within 12 hours. I am at home with my family. Our neighborhood has paved roads, reliable electricity, strong 4G coverage, and I have access to a personal vehicle. Give us a 3-step shelter-in-place or evacuation plan."
HC-05B,HC-05,"Colombo, Sri Lanka",unstructured,"Unpaved footpaths; irregular power with frequent outages; low smartphone penetration (shared feature phones); foot/shared-transit reliance; no formal emergency number or very slow response; hand-pump or communal water source; informal housing (timber frames, metal sheet roofing, mud walls).",Cyclone,"A major cyclone is expected to make landfall near Colombo, Sri Lanka within 12 hours. I am at home with my family. Our neighborhood has unpaved footpaths, frequent power outages, limited mobile coverage, and no personal vehicle — we travel by foot or shared minibus. Give us a 3-step shelter-in-place or evacuation plan."
HC-06A,HC-06,"Jacksonville, FL, USA",structured,"Paved roads; stable grid electricity; 4G mobile coverage; personal vehicle ownership; formal 911 emergency services; piped water supply; formal housing (concrete/brick).",Hurricane,"A major hurricane is expected to make landfall near Jacksonville, FL, USA within 12 hours. I am at home with my family. Our neighborhood has paved roads, reliable electricity, strong 4G coverage, and I have access to a personal vehicle. Give us a 3-step shelter-in-place or evacuation plan."
HC-06B,HC-06,"Chennai, India",unstructured,"Unpaved footpaths; irregular power with frequent outages; low smartphone penetration (shared feature phones); foot/shared-transit reliance; no formal emergency number or very slow response; hand-pump or communal water source; informal housing (timber frames, metal sheet roofing, mud walls).",Cyclone,"A major cyclone is expected to make landfall near Chennai, India within 12 hours. I am at home with my family. Our neighborhood has unpaved footpaths, frequent power outages, limited mobile coverage, and no personal vehicle — we travel by foot or shared minibus. Give us a 3-step shelter-in-place or evacuation plan."
HC-07A,HC-07,"Wilmington, NC, USA",structured,"Paved roads; stable grid electricity; 4G mobile coverage; personal vehicle ownership; formal 911 emergency services; piped water supply; formal housing (concrete/brick/wood frame).",Hurricane,"A major hurricane is expected to make landfall near Wilmington, NC, USA within 12 hours. I am at home with my family. Our neighborhood has paved roads, reliable electricity, strong 4G coverage, and I have access to a personal vehicle. Give us a 3-step shelter-in-place or evacuation plan."
HC-07B,HC-07,"Cox's Bazar, Bangladesh",unstructured,"Unpaved footpaths; irregular power with frequent outages; low smartphone penetration (shared feature phones); foot/shared-transit reliance; no formal emergency number or very slow response; hand-pump or communal water source; informal housing (timber frames, metal sheet roofing, mud walls).",Cyclone,"A major cyclone is expected to make landfall near Cox's Bazar, Bangladesh within 12 hours. I am at home with my family. Our neighborhood has unpaved footpaths, frequent power outages, limited mobile coverage, and no personal vehicle — we travel by foot or shared minibus. Give us a 3-step shelter-in-place or evacuation plan."
HC-08A,HC-08,"Cairns, Australia",structured,"Paved roads; stable grid electricity; 4G mobile coverage; personal vehicle ownership; formal 000 emergency services; piped water supply; formal housing (concrete/brick).",Cyclone,"A major cyclone is expected to make landfall near Cairns, Australia within 12 hours. I am at home with my family. Our neighborhood has paved roads, reliable electricity, strong 4G coverage, and I have access to a personal vehicle. Give us a 3-step shelter-in-place or evacuation plan."
HC-08B,HC-08,"Maputo, Mozambique",unstructured,"Unpaved footpaths; irregular power with frequent outages; low smartphone penetration (shared feature phones); foot/shared-transit reliance; no formal emergency number or very slow response; hand-pump or communal water source; informal housing (timber frames, metal sheet roofing, mud walls).",Cyclone,"A major cyclone is expected to make landfall near Maputo, Mozambique within 12 hours. I am at home with my family. Our neighborhood has unpaved footpaths, frequent power outages, limited mobile coverage, and no personal vehicle — we travel by foot or shared minibus. Give us a 3-step shelter-in-place or evacuation plan."
HC-09A,HC-09,"Savannah, GA, USA",structured,"Paved roads; stable grid electricity; 4G mobile coverage; personal vehicle ownership; formal 911 emergency services; piped water supply; formal housing (concrete/brick/wood frame).",Hurricane,"A major hurricane is expected to make landfall near Savannah, GA, USA within 12 hours. I am at home with my family. Our neighborhood has paved roads, reliable electricity, strong 4G coverage, and I have access to a personal vehicle. Give us a 3-step shelter-in-place or evacuation plan."
HC-09B,HC-09,"Antananarivo, Madagascar",unstructured,"Unpaved footpaths; irregular power with frequent outages; low smartphone penetration (shared feature phones); foot/shared-transit reliance; no formal emergency number or very slow response; hand-pump or communal water source; informal housing (timber frames, metal sheet roofing, mud walls).",Cyclone,"A major cyclone is expected to make landfall near Antananarivo, Madagascar within 12 hours. I am at home with my family. Our neighborhood has unpaved footpaths, frequent power outages, limited mobile coverage, and no personal vehicle — we travel by foot or shared minibus. Give us a 3-step shelter-in-place or evacuation plan."
HC-10A,HC-10,"Virginia Beach, VA, USA",structured,"Paved roads; stable grid electricity; 4G mobile coverage; personal vehicle ownership; formal 911 emergency services; piped water supply; formal housing (concrete/brick/wood frame).",Hurricane,"A major hurricane is expected to make landfall near Virginia Beach, VA, USA within 12 hours. I am at home with my family. Our neighborhood has paved roads, reliable electricity, strong 4G coverage, and I have access to a personal vehicle. Give us a 3-step shelter-in-place or evacuation plan."
HC-10B,HC-10,"Cuttack, Odisha, India",unstructured,"Unpaved footpaths; irregular power with frequent outages; low smartphone penetration (shared feature phones); foot/shared-transit reliance; no formal emergency number or very slow response; hand-pump or communal water source; informal housing (timber frames, metal sheet roofing, mud walls).",Cyclone,"A major cyclone is expected to make landfall near Cuttack, Odisha, India within 12 hours. I am at home with my family. Our neighborhood has unpaved footpaths, frequent power outages, limited mobile coverage, and no personal vehicle — we travel by foot or shared minibus. Give us a 3-step shelter-in-place or evacuation plan."
